"","origin","destination","O_DistToCoastPC","D_DistToCoastPC","O_ParallelToCoastPC","D_ParallelToCoastPC","SSdist","max_flow","reliable_path","EucDist","DivMig","upcoast","offshore","max_flow_logdist","reliable_path_logdist"
"1","1","1",-1.93269390089566,-1.93269390089566,1.73209740467106,1.73209740467106,NA,NA,NA,0,NA,0,0,NA,NA
"2","2","1",-1.57127288083401,-1.93269390089566,1.16424987627379,1.73209740467106,6,1.4e-06,1.23e-17,198.4000083,0.562,0.567847528397265,-0.361421020061651,14.4790383213431,39.9369324115144
"3","3","1",-0.81779492222372,-1.93269390089566,0.664534928932141,1.73209740467106,9,1.89e-08,1.42e-27,538.2716031,0.649,1.06756247573892,-1.11489897867194,18.7841039148808,62.8191406392261
"4","4","1",-0.498388624975441,-1.93269390089566,0.309657056465821,1.73209740467106,9,1.89e-08,8.3e-29,700.1737802,0.549,1.42244034820524,-1.43430527592022,18.7841039148808,65.6587121820248
"5","5","1",-1.47010984875349,-1.93269390089566,1.06018359825244,1.73209740467106,NA,0,0,263.986917,0.397,0.671913806418621,-0.46258405214217,Inf,Inf
"6","6","1",-0.0842392633495934,-1.93269390089566,0.70262472391694,1.73209740467106,11,1.89e-08,1.58e-33,895.7119548,0.307,1.02947268075412,-1.84845463754607,18.7841039148808,76.5278832217646
"7","7","1",-0.20978638087055,-1.93269390089566,-0.199564643045108,1.73209740467106,12,1.89e-08,3.44e-36,875.6606444,0.491,1.93166204771617,-1.72290752002511,18.7841039148808,82.6575918764003
"8","8","1",-0.202425884912012,-1.93269390089566,-0.187669473696846,1.73209740467106,11,1.89e-08,3.18e-35,877.5622861,0.192,1.9197668783679,-1.73026801598365,18.7841039148808,80.4335970579995
"9","9","1",-0.0494297680917916,-1.93269390089566,-0.452249945493855,1.73209740467106,16,3.54e-11,2.44e-46,955.112814,0.5,2.18434735016491,-1.88326413280387,25.0643092957888,106.026916238421
"10","10","1",-0.187354795965576,-1.93269390089566,-0.175171357435347,1.73209740467106,13,1.89e-08,2.78e-37,888.3180922,0.451,1.9072687621064,-1.74533910493009,18.7841039148808,85.1731975130771
"11","11","1",0.573693835418848,-1.93269390089566,-0.374444859925122,1.73209740467106,10,1.89e-08,1.86e-32,1182.304089,0.313,2.10654226459618,-2.50638773631451,18.7841039148808,74.0621464880844
"12","12","1",0.319866725673905,-1.93269390089566,-0.540201395552134,1.73209740467106,12,1.89e-08,2.04e-36,1092.312779,0.574,2.27229880022319,-2.25256062656957,18.7841039148808,83.1801135399295
"13","13","1",0.207329504440185,-1.93269390089566,0.0280648143946437,1.73209740467106,9,1.89e-08,6.97e-31,1025.583005,0.18,1.70403259027641,-2.14002340533585,18.7841039148808,70.438522658043
"14","14","1",0.881628379757234,-1.93269390089566,0.0357526114966158,1.73209740467106,17,2.31e-11,6.97e-51,1324.000857,0.133,1.69634479317444,-2.8143222806529,25.4911884984008,116.490224517924
"15","15","1",0.716629491589114,-1.93269390089566,-0.648190168600681,1.73209740467106,19,2.31e-11,7.01e-54,1266.942484,0.452,2.38028757327174,-2.64932339248478,25.4911884984008,123.392257320632
"16","16","1",0.797612827252036,-1.93269390089566,0.0633391809484843,1.73209740467106,16,1.89e-08,3.67e-51,1282.963587,0.122,1.66875822372257,-2.7303067281477,18.7841039148808,117.13164808063
"17","17","1",1.09724271523061,-1.93269390089566,-1.277541640122,1.73209740467106,NA,0,0,1443.171619,0.129,3.00963904479306,-3.02993661612627,Inf,Inf
"18","18","1",1.12375399839346,-1.93269390089566,-0.142965254169432,1.73209740467106,20,2.31e-11,4.09e-60,1429.666741,0.09,1.87506265884049,-3.05644789928912,25.4911884984008,137.746560609588
"19","19","1",1.30573879311643,-1.93269390089566,-1.76250545731139,1.73209740467106,26,2.31e-11,4.66e-73,1559.01567,0.261,3.49460286198244,-3.23843269401209,25.4911884984008,167.549696340428
"20","1","2",-1.93269390089566,-1.57127288083401,1.73209740467106,1.16424987627379,4,3.67e-06,1.41e-11,198.4000083,0.605,-0.567847528397265,0.361421020061651,13.5153188958978,25.9848463185444
"21","2","2",-1.57127288083401,-1.57127288083401,1.16424987627379,1.16424987627379,NA,NA,NA,0,NA,0,0,NA,NA
"22","3","2",-0.81779492222372,-1.57127288083401,0.664534928932141,1.16424987627379,5,1.89e-08,3.57e-14,348.2764164,0.46,0.499714947341651,-0.753477958610291,18.7841039148808,31.9636257061251
"23","4","2",-0.498388624975441,-1.57127288083401,0.309657056465821,1.16424987627379,5,1.89e-08,2.08e-15,505.9476214,0.842,0.854592819807971,-1.07288425585857,18.7841039148808,34.8064085011975
"24","5","2",-1.47010984875349,-1.57127288083401,1.06018359825244,1.16424987627379,NA,0,0,63.72778019,0.619,0.104066278021355,-0.10116303208052,Inf,Inf
"25","6","2",-0.0842392633495934,-1.57127288083401,0.70262472391694,1.16424987627379,7,1.89e-08,3.97e-20,704.359129,0.268,0.461625152356852,-1.48703361748442,18.7841039148808,45.6729357651818
"26","7","2",-0.20978638087055,-1.57127288083401,-0.199564643045108,1.16424987627379,8,1.89e-08,8.64e-23,677.9625761,0.528,1.3638145193189,-1.36148649996346,18.7841039148808,51.8030545560471
"27","8","2",-0.202425884912012,-1.57127288083401,-0.187669473696846,1.16424987627379,7,1.89e-08,7.99e-22,679.7843481,0.149,1.35191934997064,-1.368846995922,18.7841039148808,49.5786812860908
"28","9","2",-0.0494297680917916,-1.57127288083401,-0.452249945493855,1.16424987627379,12,3.54e-11,6.12e-33,757.6051095,0.499,1.61649982176765,-1.52184311274222,25.0643092957888,75.1737459722793
"29","10","2",-0.187354795965576,-1.57127288083401,-0.175171357435347,1.16424987627379,9,1.89e-08,6.97e-24,690.4236743,0.349,1.33942123370914,-1.38391808486843,18.7841039148808,54.3204270070847
"30","11","2",0.573693835418848,-1.57127288083401,-0.374444859925122,1.16424987627379,6,1.89e-08,4.67e-19,997.4796393,0.272,1.53869473619891,-2.14496671625286,18.7841039148808,43.2079576952061
"31","12","2",0.319866725673905,-1.57127288083401,-0.540201395552134,1.16424987627379,8,1.89e-08,5.11e-23,900.7514696,0.531,1.70445127182593,-1.89113960650792,18.7841039148808,52.3282577346474
"32","13","2",0.207329504440185,-1.57127288083401,0.0280648143946437,1.16424987627379,5,1.89e-08,1.75e-17,834.8225738,0.13,1.13618506187915,-1.7786023852742,18.7841039148808,39.5843307929634
"33","14","2",0.881628379757234,-1.57127288083401,0.0357526114966158,1.16424987627379,13,2.31e-11,1.75e-37,1139.784807,0.099,1.12849726477718,-2.45290126059124,25.4911884984008,85.6360326528443
"34","15","2",0.716629491589114,-1.57127288083401,-0.648190168600681,1.16424987627379,15,2.31e-11,1.76e-40,1078.207522,0.409,1.81244004487447,-2.28790237242313,25.4911884984008,92.5380899107118
"35","16","2",0.797612827252036,-1.57127288083401,0.0633391809484843,1.16424987627379,12,1.89e-08,9.21e-38,1099.497893,0.096,1.10091069532531,-2.36888570808605,18.7841039148808,86.2779436835065
"36","17","2",1.09724271523061,-1.57127288083401,-1.277541640122,1.16424987627379,NA,0,0,1255.236487,0.11,2.4417915163958,-2.66851559606462,Inf,Inf
"37","18","2",1.12375399839346,-1.57127288083401,-0.142965254169432,1.16424987627379,16,2.31e-11,1.03e-46,1248.268623,0.063,1.30721513044322,-2.69502687922747,25.4911884984008,106.889355475485
"38","19","2",1.30573879311643,-1.57127288083401,-1.76250545731139,1.16424987627379,22,2.31e-11,1.17e-59,1368.325557,0.305,2.92675533358518,-2.87701167395044,25.4911884984008,136.695516737839
"39","1","3",-1.93269390089566,-0.81779492222372,1.73209740467106,0.664534928932141,5,6.06e-06,3.47e-14,538.2716031,0.654,-1.06756247573892,1.11489897867194,13.0138007578831,31.9920367079579
"40","2","3",-1.57127288083401,-0.81779492222372,1.16424987627379,0.664534928932141,6,3.79e-06,1.58e-11,348.2764164,0.45,-0.499714947341651,0.753477958610291,13.4831445388699,25.8710111758956
"41","3","3",-0.81779492222372,-0.81779492222372,0.664534928932141,0.664534928932141,NA,NA,NA,0,NA,0,0,NA,NA
"42","4","3",-0.498388624975441,-0.81779492222372,0.309657056465821,0.664534928932141,3,5.46e-07,4.49e-08,155.7175674,0.432,0.35487787246632,-0.319406297248278,15.4206468612015,17.9188280421982
"43","5","3",-1.47010984875349,-0.81779492222372,1.06018359825244,0.664534928932141,NA,0,0,296.2808896,0.325,-0.395648669320296,0.652314926529772,Inf,Inf
"44","6","3",-0.0842392633495934,-0.81779492222372,0.70262472391694,0.664534928932141,5,5.46e-07,2.12e-12,348.5965868,0.253,-0.0380897949847995,-0.733555658874126,15.4206468612015,27.8796050272446
"45","7","3",-0.20978638087055,-0.81779492222372,-0.199564643045108,0.664534928932141,6,5.46e-07,4.28e-16,336.824047,0.389,0.864099571977249,-0.60800854135317,15.4206468612015,36.387408478311
"46","8","3",-0.202425884912012,-0.81779492222372,-0.187669473696846,0.664534928932141,5,5.46e-07,3.96e-15,338.9722009,0.127,0.852204402628986,-0.615369037311708,15.4206468612015,34.1625323696443
"47","9","3",-0.0494297680917916,-0.81779492222372,-0.452249945493855,0.664534928932141,10,3.54e-11,1.07e-26,414.4422023,0.362,1.116784874426,-0.768365154131928,25.0643092957888,60.7995537693714
"48","10","3",-0.187354795965576,-0.81779492222372,-0.175171357435347,0.664534928932141,7,5.46e-07,1.22e-17,349.9811683,0.312,0.839706286367487,-0.630440126258143,15.4206468612015,39.9450957221536
"49","11","3",0.573693835418848,-0.81779492222372,-0.374444859925122,0.664534928932141,4,5.46e-07,8.42e-12,640.4235164,0.285,1.03897978885726,-1.39148875764257,15.4206468612015,26.5004112876743
"50","12","3",0.319866725673905,-0.81779492222372,-0.540201395552134,0.664534928932141,6,5.46e-07,1.45e-15,545.2283319,0.614,1.20473632448428,-1.13766164789762,15.4206468612015,35.1672128384782
"51","13","3",0.207329504440185,-0.81779492222372,0.0280648143946437,0.664534928932141,3,5.46e-07,9.34e-10,478.7484576,0.15,0.636470114537497,-1.0251244266639,15.4206468612015,21.7915446776997
"52","14","3",0.881628379757234,-0.81779492222372,0.0357526114966158,0.664534928932141,11,2.31e-11,8.67e-31,782.7700364,0.127,0.628782317435525,-1.69942330198095,25.4911884984008,70.220269092023
"53","15","3",0.716629491589114,-0.81779492222372,-0.648190168600681,0.664534928932141,13,2.31e-11,8.71e-34,721.2808364,0.327,1.31272509753282,-1.53442441381283,25.4911884984008,77.1234213709331
"54","16","3",0.797612827252036,-0.81779492222372,0.0633391809484843,0.664534928932141,10,5.46e-07,4.56e-31,742.6773444,0.119,0.601195747983656,-1.61540774947576,15.4206468612015,70.8628152592891
"55","17","3",1.09724271523061,-0.81779492222372,-1.277541640122,0.664534928932141,NA,0,0,898.168775,0.112,1.94207656905414,-1.91503763745433,Inf,Inf
"56","18","3",1.12375399839346,-0.81779492222372,-0.142965254169432,0.664534928932141,14,2.31e-11,5.08e-40,892.0100644,0.087,0.807500183101573,-1.94154892061718,25.4911884984008,91.4780924581714
"57","19","3",1.30573879311643,-0.81779492222372,-1.76250545731139,0.664534928932141,20,2.31e-11,5.79e-53,1012.336379,0.228,2.42704038624353,-2.12353371534015,25.4911884984008,121.2808776371
"58","1","4",-1.93269390089566,-0.498388624975441,1.73209740467106,0.309657056465821,5,6.06e-06,3.85e-14,700.1737802,0.63,-1.42244034820524,1.43430527592022,13.0138007578831,31.8881181536169
"59","2","4",-1.57127288083401,-0.498388624975441,1.16424987627379,0.309657056465821,5,3.79e-06,1.53e-11,505.9476214,1,-0.854592819807971,1.07288425585857,13.4831445388699,25.9031682875302
"60","3","4",-0.81779492222372,-0.498388624975441,0.664534928932141,0.309657056465821,2,0.003112018,0.005010782,155.7175674,0.487,-0.35487787246632,0.319406297248278,6.77248388862102,6.29616328824145
"61","4","4",-0.498388624975441,-0.498388624975441,0.309657056465821,0.309657056465821,NA,NA,NA,0,NA,0,0,NA,NA
"62","5","4",-1.47010984875349,-0.498388624975441,1.06018359825244,0.309657056465821,NA,0,0,449.1570139,0.638,-0.750526541786615,0.97172122377805,Inf,Inf
"63","6","4",-0.0842392633495934,-0.498388624975441,0.70262472391694,0.309657056465821,3,8.74e-05,3.35e-07,184.0689954,0.381,-0.392967667451119,-0.414149361625848,10.3450152753028,15.9091353051213
"64","7","4",-0.20978638087055,-0.498388624975441,-0.199564643045108,0.309657056465821,3,2.14e-06,9.53e-09,169.6710103,0.688,0.509221699510929,-0.288602244104892,14.0547047289305,19.4688211192803
"65","8","4",-0.202425884912012,-0.498388624975441,-0.187669473696846,0.309657056465821,2,2.14e-06,8.81e-08,171.9347784,0.211,0.497326530162666,-0.295962740063429,14.0547047289305,17.2447933040043
"66","9","4",-0.0494297680917916,-0.498388624975441,-0.452249945493855,0.309657056465821,7,3.54e-11,3.87e-20,245.7223086,0.625,0.761907001959676,-0.44895885688365,25.0643092957888,45.6984473528392
"67","10","4",-0.187354795965576,-0.498388624975441,-0.175171357435347,0.309657056465821,4,2.14e-06,4.41e-11,182.936407,0.531,0.484828413901168,-0.311033829009865,14.0547047289305,24.8445613334757
"68","11","4",0.573693835418848,-0.498388624975441,-0.374444859925122,0.309657056465821,1,5.38e-05,0.0001875,484.109491,0.27,0.684101916390942,-1.07208246039429,10.8302370907965,9.58173171255381
"69","12","4",0.319866725673905,-0.498388624975441,-0.540201395552134,0.309657056465821,4,1.47e-05,5.3e-09,379.7415874,0.636,0.849858452017955,-0.818255350649346,12.1276630641796,20.0555590163883
"70","13","4",0.207329504440185,-0.498388624975441,0.0280648143946437,0.309657056465821,2,8.74e-05,8.98e-07,314.4011056,0.142,0.281592242071177,-0.705718129415627,10.3450152753028,14.9230957686442
"71","14","4",0.881628379757234,-0.498388624975441,0.0357526114966158,0.309657056465821,8,2.31e-11,1.93e-23,625.8604644,0.103,0.273904444969205,-1.38001700473268,25.4911884984008,53.3019371359463
"72","15","4",0.716629491589114,-0.498388624975441,-0.648190168600681,0.309657056465821,10,2.31e-11,1.94e-26,558.8694801,0.555,0.957847225066502,-1.21501811656456,25.4911884984008,60.20452444477
"73","16","4",0.797612827252036,-0.498388624975441,0.0633391809484843,0.309657056465821,7,1.29e-05,1.02e-23,587.0828904,0.084,0.246317875517337,-1.29600145222748,12.2582832465966,53.9396545115669
"74","17","4",1.09724271523061,-0.498388624975441,-1.277541640122,0.309657056465821,NA,0,0,736.1427677,0.15,1.58719869658783,-1.59563134020605,Inf,Inf
"75","18","4",1.12375399839346,-0.498388624975441,-0.142965254169432,0.309657056465821,11,2.31e-11,1.13e-32,738.0224192,0.057,0.452622310635253,-1.6221426233689,25.4911884984008,74.5605053430852
"76","19","4",1.30573879311643,-0.498388624975441,-1.76250545731139,0.309657056465821,17,2.31e-11,1.29e-45,847.3146937,0.319,2.07216251377721,-1.80412741809187,25.4911884984008,104.361686966358
"77","1","5",-1.93269390089566,-1.47010984875349,1.73209740467106,1.06018359825244,4,5.82e-06,6.46e-11,263.986917,0.541,-0.671913806418621,0.46258405214217,13.0542102962209,24.46280670514
"78","2","5",-1.57127288083401,-1.47010984875349,1.16424987627379,1.06018359825244,3,3.79e-06,1.18e-05,63.72778019,0.847,-0.104066278021355,0.10116303208052,13.4831445388699,12.3474110264927
"79","3","5",-0.81779492222372,-1.47010984875349,0.664534928932141,1.06018359825244,3,8.14e-07,1.47e-08,296.2808896,0.498,0.395648669320296,-0.652314926529772,15.0213054709439,19.0354183431617
"80","4","5",-0.498388624975441,-1.47010984875349,0.309657056465821,1.06018359825244,3,5.46e-07,1e-07,449.1570139,0.764,0.750526541786615,-0.97172122377805,15.4206468612015,17.1180956509583
"81","5","5",-1.47010984875349,-1.47010984875349,1.06018359825244,1.06018359825244,NA,NA,NA,0,NA,0,0,NA,NA
"82","6","5",-0.0842392633495934,-1.47010984875349,0.70262472391694,1.06018359825244,5,5.46e-07,2.69e-13,648.7541932,0.35,0.357558874335496,-1.3858705854039,15.4206468612015,29.9440650153088
"83","7","5",-0.20978638087055,-1.47010984875349,-0.199564643045108,1.06018359825244,6,5.46e-07,9.52e-16,617.9228155,0.576,1.25974824129754,-1.26032346788294,15.4206468612015,35.5879666391015
"84","8","5",-0.202425884912012,-1.47010984875349,-0.187669473696846,1.06018359825244,5,5.46e-07,8.81e-15,619.6763798,0.16,1.24785307194928,-1.26768396384148,15.4206468612015,33.3628889549626
"85","9","5",-0.0494297680917916,-1.47010984875349,-0.452249945493855,1.06018359825244,10,3.54e-11,1.13e-26,697.6001416,0.796,1.51243354374629,-1.4206800806617,25.0643092957888,60.7449947851209
"86","10","5",-0.187354795965576,-1.47010984875349,-0.175171357435347,1.06018359825244,7,5.46e-07,1.29e-17,630.20199,0.442,1.23535495568778,-1.28275505278792,15.4206468612015,39.8893043625252
"87","11","5",0.573693835418848,-1.47010984875349,-0.374444859925122,1.06018359825244,4,5.46e-07,1.87e-11,944.9523921,0.299,1.43462845817756,-2.04380368417234,15.4206468612015,25.702497592068
"88","12","5",0.319866725673905,-1.47010984875349,-0.540201395552134,1.06018359825244,6,5.46e-07,5.3e-16,844.5637825,0.668,1.60038499380457,-1.7899765744274,15.4206468612015,36.1736546673467
"89","13","5",0.207329504440185,-1.47010984875349,0.0280648143946437,1.06018359825244,3,5.46e-07,1.18e-10,779.1993558,0.151,1.03211878385779,-1.67743935319368,15.4206468612015,23.8603364914629
"90","14","5",0.881628379757234,-1.47010984875349,0.0357526114966158,1.06018359825244,11,2.31e-11,1.93e-30,1087.296682,0.105,1.02443098675582,-2.35173822851073,25.4911884984008,69.4200327869046
"91","15","5",0.716629491589114,-1.47010984875349,-0.648190168600681,1.06018359825244,13,2.31e-11,1.94e-33,1023.374097,0.399,1.70837376685312,-2.18673934034261,25.4911884984008,76.3226200957283
"92","16","5",0.797612827252036,-1.47010984875349,0.0633391809484843,1.06018359825244,10,5.46e-07,1.02e-30,1047.442449,0.1,0.996844417303952,-2.26772267600553,15.4206468612015,70.0577501625252
"93","17","5",1.09724271523061,-1.47010984875349,-1.277541640122,1.06018359825244,NA,0,0,1200.606566,0.147,2.33772523837444,-2.5673525639841,Inf,Inf
"94","18","5",1.12375399839346,-1.47010984875349,-0.142965254169432,1.06018359825244,14,2.31e-11,1.13e-39,1197.065152,0.066,1.20314885242187,-2.59386384714695,25.4911884984008,90.6786009940435
"95","19","5",1.30573879311643,-1.47010984875349,-1.76250545731139,1.06018359825244,20,2.31e-11,1.29e-52,1312.067348,0.375,2.82268905556382,-2.77584864186992,25.4911884984008,120.479782617317
"96","1","6",-1.93269390089566,-0.0842392633495934,1.73209740467106,0.70262472391694,5,6.06e-06,1.4e-13,895.7119548,0.527,-1.02947268075412,1.84845463754607,13.0138007578831,30.5971339723014
"97","2","6",-1.57127288083401,-0.0842392633495934,1.16424987627379,0.70262472391694,5,3.79e-06,6.79e-14,704.359129,0.683,-0.461625152356852,1.48703361748442,13.4831445388699,31.320740360346
"98","3","6",-0.81779492222372,-0.0842392633495934,0.664534928932141,0.70262472391694,3,6.57e-05,1.78e-08,348.5965868,0.416,0.0380897949847995,0.733555658874126,10.6304116324737,18.8440673796484
"99","4","6",-0.498388624975441,-0.0842392633495934,0.309657056465821,0.70262472391694,2,6.39e-05,3.55e-06,184.0689954,0.744,0.392967667451119,0.414149361625848,10.6581911965808,13.5485629544769
"100","5","6",-1.47010984875349,-0.0842392633495934,1.06018359825244,0.70262472391694,NA,0,0,648.7541932,0.471,-0.357558874335496,1.3858705854039,Inf,Inf
"101","6","6",-0.0842392633495934,-0.0842392633495934,0.70262472391694,0.70262472391694,NA,NA,NA,0,NA,0,0,NA,NA
"102","7","6",-0.20978638087055,-0.0842392633495934,-0.199564643045108,0.70262472391694,5,2.14e-06,7.6e-14,101.8836846,0.64,0.902189366962048,0.125547117520956,14.0547047289305,31.2080430546244
"103","8","6",-0.202425884912012,-0.0842392633495934,-0.187669473696846,0.70262472391694,4,2.14e-06,7.03e-13,102.5054126,0.317,0.890294197613786,0.118186621562419,14.0547047289305,28.9834195031
"104","9","6",-0.0494297680917916,-0.0842392633495934,-0.452249945493855,0.70262472391694,9,3.54e-11,1.09e-24,113.1866823,0.5,1.1548746694108,-0.0348094952578018,25.0643092957888,56.175864535616
"105","10","6",-0.187354795965576,-0.0842392633495934,-0.175171357435347,0.70262472391694,6,2.14e-06,1.24e-15,104.6044683,0.576,0.877796081352287,0.103115532615983,14.0547047289305,35.3236650152937
"106","11","6",0.573693835418848,-0.0842392633495934,-0.374444859925122,0.70262472391694,3,5.38e-05,2.14e-09,299.4028116,0.371,1.07706958384206,-0.657933098768441,10.8302370907965,20.9624600079127
"107","12","6",0.319866725673905,-0.0842392633495934,-0.540201395552134,0.70262472391694,5,1.47e-05,2.65e-13,193.3653931,0.661,1.24282611946907,-0.404105989023498,12.1276630641796,29.9590465689245
"108","13","6",0.207329504440185,-0.0842392633495934,0.0280648143946437,0.70262472391694,3,6.39e-05,1.28e-09,127.2249496,0.185,0.674559909522296,-0.291568767789779,10.6581911965808,21.4764057590149
"109","14","6",0.881628379757234,-0.0842392633495934,0.0357526114966158,0.70262472391694,10,2.31e-11,1.54e-28,440.0541559,0.115,0.666872112420324,-0.965867643106827,25.4911884984008,65.0406001874077
"110","15","6",0.716629491589114,-0.0842392633495934,-0.648190168600681,0.70262472391694,12,2.31e-11,1.55e-31,371.5071201,0.555,1.35081489251762,-0.800868754938708,25.4911884984008,71.9418829518843
"111","16","6",0.797612827252036,-0.0842392633495934,0.0633391809484843,0.70262472391694,9,1.29e-05,8.11e-29,402.2075563,0.111,0.639285542968456,-0.88185209060163,12.2582832465966,65.6818698287
"112","17","6",1.09724271523061,-0.0842392633495934,-1.277541640122,0.70262472391694,NA,0,0,548.7804238,0.142,1.98016636403894,-1.18148197858021,Inf,Inf
"113","18","6",1.12375399839346,-0.0842392633495934,-0.142965254169432,0.70262472391694,13,2.31e-11,9.04e-38,553.4942405,0.07,0.845589978086372,-1.20799326174306,25.4911884984008,86.2965743593697
"114","19","6",1.30573879311643,-0.0842392633495934,-1.76250545731139,0.70262472391694,19,2.31e-11,1.03e-50,660.7490091,0.318,2.46513018122833,-1.38997805646602,25.4911884984008,116.099695847461
"115","1","7",-1.93269390089566,-0.20978638087055,1.73209740467106,-0.199564643045108,6,6.06e-06,3.79e-16,875.6606444,0.474,-1.93166204771617,1.72290752002511,13.0138007578831,36.5089954688104
"116","2","7",-1.57127288083401,-0.20978638087055,1.16424987627379,-0.199564643045108,6,3.79e-06,4.89e-15,677.9625761,0.461,-1.3638145193189,1.36148649996346,13.4831445388699,33.9515840914239
"117","3","7",-0.81779492222372,-0.20978638087055,0.664534928932141,-0.199564643045108,3,0.002484523,6.37e-07,336.824047,0.44,-0.864099571977249,0.60800854135317,6.99767458956889,15.2664961813742
"118","4","7",-0.498388624975441,-0.20978638087055,0.309657056465821,-0.199564643045108,2,0.002484523,4.81e-05,169.6710103,0.511,-0.509221699510929,0.288602244104892,6.99767458956889,10.9422283808526
"119","5","7",-1.47010984875349,-0.20978638087055,1.06018359825244,-0.199564643045108,NA,0,0,617.9228155,0.422,-1.25974824129754,1.26032346788294,Inf,Inf
"120","6","7",-0.0842392633495934,-0.20978638087055,0.70262472391694,-0.199564643045108,2,0.002484523,0.002711348,101.8836846,0.3,-0.902189366962048,-0.125547117520956,6.99767458956889,6.91030935078717
"121","7","7",-0.20978638087055,-0.20978638087055,-0.199564643045108,-0.199564643045108,NA,NA,NA,0,NA,0,0,NA,NA
"122","8","7",-0.202425884912012,-0.20978638087055,-0.187669473696846,-0.199564643045108,1,0.000199504,0.083225,0.344021514,0.302,-0.0118951693482626,-0.00736049595853788,9.51967627171004,3.48620749552105
"123","9","7",-0.0494297680917916,-0.20978638087055,-0.452249945493855,-0.199564643045108,6,3.54e-11,4.36e-13,77.11824452,0.571,0.252685302448747,-0.160356612778758,25.0643092957888,29.4611341515617
"124","10","7",-0.187354795965576,-0.20978638087055,-0.175171357435347,-0.199564643045108,2,3.62e-05,0.000497132,10.72759684,0.639,-0.0243932856097613,-0.0224315849049737,11.2264514391325,8.60665497357
"125","11","7",0.573693835418848,-0.20978638087055,-0.374444859925122,-0.199564643045108,1,9.36e-05,9.86e-05,370.7033323,0.349,0.174880216880013,-0.783480216289398,10.2764801744807,10.2244392963557
"126","12","7",0.319866725673905,-0.20978638087055,-0.540201395552134,-0.199564643045108,4,1.47e-05,2.17e-07,243.7697836,0.567,0.340636752507026,-0.529653106544455,12.1276630641796,16.343368483406
"127","13","7",0.207329504440185,-0.20978638087055,0.0280648143946437,-0.199564643045108,2,0.000429149,3.43e-05,190.558422,0.178,-0.227629457439752,-0.417115885310735,8.75370637999034,11.2803652037924
"128","14","7",0.881628379757234,-0.20978638087055,0.0357526114966158,-0.199564643045108,8,2.31e-11,7.53e-22,504.7292903,0.102,-0.235317254541724,-1.09141476062778,25.4911884984008,49.6379770040572
"129","15","7",0.716629491589114,-0.20978638087055,-0.648190168600681,-0.199564643045108,10,2.31e-11,7.57e-25,424.8964348,0.387,0.448625525555573,-0.926415872459664,25.4911884984008,56.5404342574018
"130","16","7",0.797612827252036,-0.20978638087055,0.0633391809484843,-0.199564643045108,7,1.29e-05,3.96e-22,470.4046797,0.096,-0.262903823993592,-1.00739920812259,12.2582832465966,50.2806280206026
"131","17","7",1.09724271523061,-0.20978638087055,-1.277541640122,-0.199564643045108,NA,0,0,599.1543375,0.111,1.0779769970769,-1.30702909610116,Inf,Inf
"132","18","7",1.12375399839346,-0.20978638087055,-0.142965254169432,-0.199564643045108,11,2.31e-11,4.41e-31,620.4239451,0.065,-0.0565993888756761,-1.33354037926401,25.4911884984008,70.8962631933567
"133","19","7",1.30573879311643,-0.20978638087055,-1.76250545731139,-0.199564643045108,17,2.31e-11,5.03e-44,700.530129,0.37,1.56294081426628,-1.51552517398698,25.4911884984008,100.698324107626
"134","1","8",-1.93269390089566,-0.202425884912012,1.73209740467106,-0.187669473696846,6,6.06e-06,5.5e-16,877.5622861,0.204,-1.9197668783679,1.73026801598365,13.0138007578831,36.1366133956663
"135","2","8",-1.57127288083401,-0.202425884912012,1.16424987627379,-0.187669473696846,6,3.79e-06,7.36e-15,679.7843481,0.198,-1.35191934997064,1.368846995922,13.4831445388699,33.5427164621699
"136","3","8",-0.81779492222372,-0.202425884912012,0.664534928932141,-0.187669473696846,3,0.003227443,9.18e-08,338.9722009,0.167,-0.852204402628986,0.615369037311708,6.73606509612755,17.20365353932
"137","4","8",-0.498388624975441,-0.202425884912012,0.309657056465821,-0.187669473696846,2,0.004874489,9.33e-06,171.9347784,0.208,-0.497326530162666,0.295962740063429,6.3237400005392,12.582275543105
"138","5","8",-1.47010984875349,-0.202425884912012,1.06018359825244,-0.187669473696846,NA,0,0,619.6763798,0.197,-1.24785307194928,1.26768396384148,Inf,Inf
"139","6","8",-0.0842392633495934,-0.202425884912012,0.70262472391694,-0.187669473696846,2,0.002965959,0.003932733,102.5054126,0.23,-0.890294197613786,-0.118186621562419,6.82055485869303,6.53842067494598
"140","7","8",-0.20978638087055,-0.202425884912012,-0.199564643045108,-0.187669473696846,1,0.000168948,0.1080875,0.344021514,0.327,0.0118951693482626,0.00736049595853788,9.68591958269588,3.22481419469559
"141","8","8",-0.202425884912012,-0.202425884912012,-0.187669473696846,-0.187669473696846,NA,NA,NA,0,NA,0,0,NA,NA
"142","9","8",-0.0494297680917916,-0.202425884912012,-0.452249945493855,-0.187669473696846,5,3.54e-11,4.39e-13,71.13088486,0.232,0.26458047179701,-0.15299611682022,25.0643092957888,29.4542769818355
"143","10","8",-0.187354795965576,-0.202425884912012,-0.175171357435347,-0.187669473696846,2,3.62e-05,0.000500036,4.367096995,0.377,-0.0124981162614987,-0.0150710889464358,11.2264514391325,8.60083046213396
"144","11","8",0.573693835418848,-0.202425884912012,-0.374444859925122,-0.187669473696846,1,9.36e-05,0.0010375,367.3179006,0.18,0.186775386228276,-0.77611972033086,10.2764801744807,7.87094130585942
"145","12","8",0.319866725673905,-0.202425884912012,-0.540201395552134,-0.187669473696846,3,1.47e-05,2.6e-06,239.5762234,0.202,0.352531921855289,-0.522292610585917,12.1276630641796,13.8599991129368
"146","13","8",0.207329504440185,-0.202425884912012,0.0280648143946437,-0.187669473696846,2,0.000464672,4.01e-05,187.425962,0.123,-0.215734288091489,-0.409755389352197,8.67417877761595,11.1241342236518
"147","14","8",0.881628379757234,-0.202425884912012,0.0357526114966158,-0.187669473696846,8,2.31e-11,2.56e-22,500.753776,0.09,-0.223422085193461,-1.08405426466925,25.4911884984008,50.7168647873775
"148","15","8",0.716629491589114,-0.202425884912012,-0.648190168600681,-0.187669473696846,10,2.31e-11,2.58e-25,420.4021271,0.214,0.460520694903835,-0.919055376501126,25.4911884984008,57.6168379259176
"149","16","8",0.797612827252036,-0.202425884912012,0.0633391809484843,-0.187669473696846,7,1.29e-05,1.35e-22,466.6719492,0.076,-0.25100865464533,-1.00003871216405,12.2582832465966,51.3567674534187
"150","17","8",1.09724271523061,-0.202425884912012,-1.277541640122,-0.187669473696846,NA,0,0,594.3626922,0.098,1.08987216642516,-1.29966860014262,Inf,Inf
"151","18","8",1.12375399839346,-0.202425884912012,-0.142965254169432,-0.187669473696846,11,2.31e-11,1.5e-31,616.4943589,0.065,-0.0447042195274135,-1.32617988330547,25.4911884984008,71.9746727747073
"152","19","8",1.30573879311643,-0.202425884912012,-1.76250545731139,-0.187669473696846,17,2.31e-11,1.71e-44,695.2439828,0.238,1.57483598361454,-1.50816467802844,25.4911884984008,101.777250721223
"153","1","9",-1.93269390089566,-0.0494297680917916,1.73209740467106,-0.452249945493855,6,6.06e-06,7.65e-15,955.112814,0.442,-2.18434735016491,1.88326413280387,13.0138007578831,33.5040707470722
"154","2","9",-1.57127288083401,-0.0494297680917916,1.16424987627379,-0.452249945493855,6,3.79e-06,2.33e-13,757.6051095,0.524,-1.61649982176765,1.52184311274222,13.4831445388699,30.087737941345
"155","3","9",-0.81779492222372,-0.0494297680917916,0.664534928932141,-0.452249945493855,4,0.003149675,2.81e-09,414.4422023,0.357,-1.116784874426,0.768365154131928,6.76045600607064,20.6900813536008
"156","4","9",-0.498388624975441,-0.0494297680917916,0.309657056465821,-0.452249945493855,3,0.005950409,5.61e-07,245.7223086,0.422,-0.761907001959676,0.44895885688365,6.12429532229125,15.3935449314237
"157","5","9",-1.47010984875349,-0.0494297680917916,1.06018359825244,-0.452249945493855,NA,0,0,697.6001416,0.437,-1.51243354374629,1.4206800806617,Inf,Inf
"158","6","9",-0.0842392633495934,-0.0494297680917916,0.70262472391694,-0.452249945493855,2,0.002923496,0.000439692,113.1866823,0.265,-1.1548746694108,0.0348094952578018,6.83497511857251,8.72943607616636
"159","7","9",-0.20978638087055,-0.0494297680917916,-0.199564643045108,-0.452249945493855,2,3.36e-05,0.000136465,77.11824452,0.511,-0.252685302448747,0.160356612778758,11.3009844909951,9.8994423864744
"160","8","9",-0.202425884912012,-0.0494297680917916,-0.187669473696846,-0.452249945493855,2,3.36e-05,1.14e-05,71.13088486,0.144,-0.26458047179701,0.15299611682022,11.3009844909951,12.3818972025638
"161","9","9",-0.0494297680917916,-0.0494297680917916,-0.452249945493855,-0.452249945493855,NA,NA,NA,0,NA,0,0,NA,NA
"162","10","9",-0.187354795965576,-0.0494297680917916,-0.175171357435347,-0.452249945493855,3,3.36e-05,6.13e-06,64.20833124,0.369,-0.277078588058509,0.137925027873785,11.3009844909951,13.0023158080162
"163","11","9",0.573693835418848,-0.0494297680917916,-0.374444859925122,-0.452249945493855,1,8.53e-05,6.25e-05,311.1803332,0.247,-0.0778050855687339,-0.623123603510639,10.3693361034666,10.6803440012219
"164","12","9",0.319866725673905,-0.0494297680917916,-0.540201395552134,-0.452249945493855,1,1.8e-05,0.0175875,178.1497575,0.407,0.0879514500582789,-0.369296493765696,11.9251388000681,5.04056685654163
"165","13","9",0.207329504440185,-0.0494297680917916,0.0280648143946437,-0.452249945493855,2,0.000767154,0.000495023,137.9515668,0.1,-0.480314759888499,-0.256759272531977,8.1728229944825,8.61090633182857
"166","14","9",0.881628379757234,-0.0494297680917916,0.0357526114966158,-0.452249945493855,9,2.31e-11,6.34e-25,439.1059343,0.083,-0.488002556990471,-0.931058147849026,25.4911884984008,56.717748556402
"167","15","9",0.716629491589114,-0.0494297680917916,-0.648190168600681,-0.452249945493855,11,2.31e-11,6.37e-28,355.0841651,0.325,0.195940223106825,-0.766059259680906,25.4911884984008,63.6207831342492
"168","16","9",0.797612827252036,-0.0494297680917916,0.0633391809484843,-0.452249945493855,8,1.29e-05,3.33e-25,407.0122462,0.071,-0.51558912644234,-0.847042595343828,12.2582832465966,57.3616550208588
"169","17","9",1.09724271523061,-0.0494297680917916,-1.277541640122,-0.452249945493855,NA,0,0,526.5752555,0.131,0.825291694628149,-1.1466724833224,Inf,Inf
"170","18","9",1.12375399839346,-0.0494297680917916,-0.142965254169432,-0.452249945493855,12,2.31e-11,3.72e-34,554.8757414,0.045,-0.309284691324423,-1.17318376648525,25.4911884984008,77.9741694935125
"171","19","9",1.30573879311643,-0.0494297680917916,-1.76250545731139,-0.452249945493855,18,2.31e-11,4.24e-47,624.5548203,0.311,1.31025551181753,-1.35516856120822,25.4911884984008,107.776936101476
"172","1","10",-1.93269390089566,-0.187354795965576,1.73209740467106,-0.175171357435347,6,6.06e-06,6.66e-16,888.3180922,0.497,-1.9072687621064,1.74533910493009,13.0138007578831,35.9452420033524
"173","2","10",-1.57127288083401,-0.187354795965576,1.16424987627379,-0.175171357435347,6,3.79e-06,1.09e-15,690.4236743,0.618,-1.33942123370914,1.38391808486843,13.4831445388699,35.4525986986696
"174","3","10",-0.81779492222372,-0.187354795965576,0.664534928932141,-0.175171357435347,4,0.001963535,8.25e-08,349.9811683,0.499,-0.839706286367487,0.630440126258143,7.23300885879314,17.3104675436058
"175","4","10",-0.498388624975441,-0.187354795965576,0.309657056465821,-0.175171357435347,2,0.00195922,1.09e-06,182.936407,0.692,-0.484828413901168,0.311033829009865,7.23520884413016,14.7293328617232
"176","5","10",-1.47010984875349,-0.187354795965576,1.06018359825244,-0.175171357435347,NA,0,0,630.20199,0.428,-1.23535495568778,1.28275505278792,Inf,Inf
"177","6","10",-0.0842392633495934,-0.187354795965576,0.70262472391694,-0.175171357435347,1,0.002045791,0.004766016,104.6044683,0.35,-0.877796081352287,-0.103115532615983,7.19197076720806,6.34624454319834
"178","7","10",-0.20978638087055,-0.187354795965576,-0.199564643045108,-0.175171357435347,2,0.000148664,0.001002418,10.72759684,0.927,0.0243932856097613,0.0224315849049737,9.81382183199293,7.90534019764021
"179","8","10",-0.202425884912012,-0.187354795965576,-0.187669473696846,-0.175171357435347,2,0.000148664,0.00180404,4.367096995,0.467,0.0124981162614987,0.0150710889464358,9.81382183199293,7.31772668463852
"180","9","10",-0.0494297680917916,-0.187354795965576,-0.452249945493855,-0.175171357435347,4,3.54e-11,8.78e-10,64.20833124,0.633,0.277078588058509,-0.137925027873785,25.0643092957888,21.8533745222934
"181","10","10",-0.187354795965576,-0.187354795965576,-0.175171357435347,-0.175171357435347,NA,NA,NA,0,NA,0,0,NA,NA
"182","11","10",0.573693835418848,-0.187354795965576,-0.374444859925122,-0.175171357435347,1,9.36e-05,0.0011375,363.5450262,0.257,0.199273502489775,-0.761048631384424,10.2764801744807,7.77892240713917
"183","12","10",0.319866725673905,-0.187354795965576,-0.540201395552134,-0.175171357435347,3,1.47e-05,5.16e-07,234.9686291,0.443,0.365030038116788,-0.507221521639481,12.1276630641796,15.4771590714648
"184","13","10",0.207329504440185,-0.187354795965576,0.0280648143946437,-0.175171357435347,2,0.000356687,7.19e-05,184.0286663,0.146,-0.203236171829991,-0.394684300405761,8.93865191145561,10.5402342932373
"185","14","10",0.881628379757234,-0.187354795965576,0.0357526114966158,-0.175171357435347,8,2.31e-11,3.62e-22,496.3255048,0.089,-0.210923968931963,-1.06898317572281,25.4911884984008,50.3703980200313
"186","15","10",0.716629491589114,-0.187354795965576,-0.648190168600681,-0.175171357435347,10,2.31e-11,3.64e-25,415.4237769,0.495,0.473018811165334,-0.90398428755469,25.4911884984008,57.2726436432025
"187","16","10",0.797612827252036,-0.187354795965576,0.0633391809484843,-0.175171357435347,7,1.29e-05,1.9e-22,462.5054919,0.08,-0.238510538383831,-0.984967623217613,12.2582832465966,51.0150181596966
"188","17","10",1.09724271523061,-0.187354795965576,-1.277541640122,-0.175171357435347,NA,0,0,589.0063903,0.141,1.10237028268666,-1.28459751119619,Inf,Inf
"189","18","10",1.12375399839346,-0.187354795965576,-0.142965254169432,-0.175171357435347,11,2.31e-11,2.12e-31,612.1045479,0.051,-0.0322061032659148,-1.31110879435904,25.4911884984008,71.6287217941315
"190","19","10",1.30573879311643,-0.187354795965576,-1.76250545731139,-0.175171357435347,17,2.31e-11,2.42e-44,689.1888737,0.466,1.58733409987604,-1.493093589082,25.4911884984008,101.429976551569
"191","1","11",-1.93269390089566,0.573693835418848,1.73209740467106,-0.374444859925122,6,6.06e-06,2.25e-16,1182.304089,0.399,-2.10654226459618,2.50638773631451,13.0138007578831,37.0304312716884
"192","2","11",-1.57127288083401,0.573693835418848,1.16424987627379,-0.374444859925122,6,3.79e-06,2.43e-15,997.4796393,0.376,-1.53869473619891,2.14496671625286,13.4831445388699,34.6508851375582
"193","3","11",-0.81779492222372,0.573693835418848,0.664534928932141,-0.374444859925122,4,0.003118209,1.45e-11,640.4235164,0.361,-1.03897978885726,1.39148875764257,6.77049648044544,25.956872466502
"194","4","11",-0.498388624975441,0.573693835418848,0.309657056465821,-0.374444859925122,3,0.004480573,5.5e-10,484.109491,0.42,-0.684101916390942,1.07208246039429,6.40800433894827,22.321102837702
"195","5","11",-1.47010984875349,0.573693835418848,1.06018359825244,-0.374444859925122,NA,0,0,944.9523921,0.327,-1.43462845817756,2.04380368417234,Inf,Inf
"196","6","11",-0.0842392633495934,0.573693835418848,0.70262472391694,-0.374444859925122,2,0.002930192,3.73e-05,299.4028116,0.318,-1.07706958384206,0.657933098768441,6.83268732908985,11.1965172313145
"197","7","11",-0.20978638087055,0.573693835418848,-0.199564643045108,-0.374444859925122,6,2.14e-06,1.51e-13,370.7033323,0.613,-0.174880216880013,0.783480216289398,14.0547047289305,30.5214965580958
"198","8","11",-0.202425884912012,0.573693835418848,-0.187669473696846,-0.374444859925122,5,2.14e-06,8.11e-13,367.3179006,0.206,-0.186775386228276,0.77611972033086,14.0547047289305,28.8405083407953
"199","9","11",-0.0494297680917916,0.573693835418848,-0.452249945493855,-0.374444859925122,10,3.54e-11,5.97e-21,311.1803332,0.475,0.0778050855687339,0.623123603510639,25.0643092957888,47.5675400254704
"200","10","11",-0.187354795965576,0.573693835418848,-0.175171357435347,-0.374444859925122,6,2.14e-06,6.8e-12,363.5450262,0.327,-0.199273502489775,0.761048631384424,14.0547047289305,26.7140985037465
"201","11","11",0.573693835418848,0.573693835418848,-0.374444859925122,-0.374444859925122,NA,NA,NA,0,NA,0,0,NA,NA
"202","12","11",0.319866725673905,0.573693835418848,-0.540201395552134,-0.374444859925122,5,1.47e-05,2.72e-09,134.5610718,0.453,0.165756535627013,0.253827109744943,12.1276630641796,20.7226339566385
"203","13","11",0.207329504440185,0.573693835418848,0.0280648143946437,-0.374444859925122,2,0.002236871,0.000133035,160.455904,0.306,-0.402509674319765,0.366364330978663,7.10267726465458,9.92489830646775
"204","14","11",0.881628379757234,0.573693835418848,0.0357526114966158,-0.374444859925122,11,2.31e-11,2.71e-27,137.4190047,0.229,-0.410197471421737,-0.307934544338386,25.4911884984008,62.1728488759476
"205","15","11",0.716629491589114,0.573693835418848,-0.648190168600681,-0.374444859925122,13,2.31e-11,2.72e-30,96.05211351,0.295,0.273745308675559,-0.142935656170266,25.4911884984008,69.0769209095135
"206","16","11",0.797612827252036,0.573693835418848,0.0633391809484843,-0.374444859925122,9,1.29e-05,2.89e-22,98.32721699,0.263,-0.437784040873606,-0.223918991833189,12.2582832465966,50.5956155437447
"207","17","11",1.09724271523061,0.573693835418848,-1.277541640122,-0.374444859925122,NA,0,0,258.7616768,0.103,0.903096780196883,-0.523548879811764,Inf,Inf
"208","18","11",1.12375399839346,0.573693835418848,-0.142965254169432,-0.374444859925122,14,2.31e-11,1.59e-36,249.5786451,0.141,-0.231479605755689,-0.550060162974615,25.4911884984008,83.4293293315535
"209","19","11",1.30573879311643,0.573693835418848,-1.76250545731139,-0.374444859925122,20,2.31e-11,1.81e-49,382.4139716,0.29,1.38806059738626,-0.73204495769758,25.4911884984008,113.233342711431
"210","1","12",-1.93269390089566,0.319866725673905,1.73209740467106,-0.540201395552134,6,6.06e-06,8.37e-16,1092.312779,0.533,-2.27229880022319,2.25256062656957,13.0138007578831,35.7167076034033
"211","2","12",-1.57127288083401,0.319866725673905,1.16424987627379,-0.540201395552134,6,3.79e-06,5.81e-15,900.7514696,0.473,-1.70445127182593,1.89113960650792,13.4831445388699,33.7791958240469
"212","3","12",-0.81779492222372,0.319866725673905,0.664534928932141,-0.540201395552134,4,0.003118209,8.26e-10,545.2283319,0.744,-1.20473632448428,1.13766164789762,6.77049648044544,21.9144263424076
"213","4","12",-0.498388624975441,0.319866725673905,0.309657056465821,-0.540201395552134,3,0.003343134,2.79e-08,379.7415874,0.551,-0.849858452017955,0.818255350649346,6.7008465885904,18.3946391481191
"214","5","12",-1.47010984875349,0.319866725673905,1.06018359825244,-0.540201395552134,NA,0,0,844.5637825,0.429,-1.60038499380457,1.7899765744274,Inf,Inf
"215","6","12",-0.0842392633495934,0.319866725673905,0.70262472391694,-0.540201395552134,3,0.00289199,2.14e-05,193.3653931,0.294,-1.24282611946907,0.404105989023498,6.84581043250626,11.7521196359365
"216","7","12",-0.20978638087055,0.319866725673905,-0.199564643045108,-0.540201395552134,4,2.14e-06,1.48e-10,243.7697836,0.626,-0.340636752507026,0.529653106544455,14.0547047289305,23.6338088421644
"217","8","12",-0.202425884912012,0.319866725673905,-0.187669473696846,-0.540201395552134,3,2.14e-06,6.27e-10,239.5762234,0.16,-0.352531921855289,0.522292610585917,14.0547047289305,22.1900745752956
"218","9","12",-0.0494297680917916,0.319866725673905,-0.452249945493855,-0.540201395552134,8,3.54e-11,5.85e-18,178.1497575,0.484,-0.0879514500582789,0.369296493765696,25.0643092957888,40.6800900126491
"219","10","12",-0.187354795965576,0.319866725673905,-0.175171357435347,-0.540201395552134,4,2.14e-06,6.66e-09,234.9686291,0.366,-0.365030038116788,0.507221521639481,14.0547047289305,19.8271463523941
"220","11","12",0.573693835418848,0.319866725673905,-0.374444859925122,-0.540201395552134,2,5.38e-05,8.28e-06,134.5610718,0.296,-0.165756535627013,-0.253827109744943,10.8302370907965,12.7016675895671
"221","12","12",0.319866725673905,0.319866725673905,-0.540201395552134,-0.540201395552134,NA,NA,NA,0,NA,0,0,NA,NA
"222","13","12",0.207329504440185,0.319866725673905,0.0280648143946437,-0.540201395552134,2,0.002055897,0.000434548,56.294349,0.149,-0.568266209946778,0.112537221233719,7.18704302992039,8.74120414755371
"223","14","12",0.881628379757234,0.319866725673905,0.0357526114966158,-0.540201395552134,9,2.31e-11,1.65e-25,260.8841627,0.11,-0.57595400704875,-0.561761654083329,25.4911884984008,58.0638520369387
"224","15","12",0.716629491589114,0.319866725673905,-0.648190168600681,-0.540201395552134,11,2.31e-11,1.66e-28,181.4720849,0.403,0.107988773048546,-0.396762765915209,25.4911884984008,64.9655650014648
"225","16","12",0.797612827252036,0.319866725673905,0.0633391809484843,-0.540201395552134,8,1.29e-05,8.67e-26,228.2073033,0.102,-0.603540576500619,-0.477746101578132,12.2582832465966,58.7073436270527
"226","17","12",1.09724271523061,0.319866725673905,-1.277541640122,-0.540201395552134,NA,0,0,357.804582,0.127,0.73734024456987,-0.777375989556708,Inf,Inf
"227","18","12",1.12375399839346,0.319866725673905,-0.142965254169432,-0.540201395552134,12,2.31e-11,9.67e-35,376.7073479,0.073,-0.397236141382702,-0.803887272719558,25.4911884984008,79.3214499453264
"228","19","12",1.30573879311643,0.319866725673905,-1.76250545731139,-0.540201395552134,18,2.31e-11,1.1e-47,466.9450823,0.329,1.22230406175925,-0.985872067442524,25.4911884984008,109.126189190916
"229","1","13",-1.93269390089566,0.207329504440185,1.73209740467106,0.0280648143946437,6,6.06e-06,5.34e-14,1025.583005,0.371,-1.70403259027641,2.14002340533585,13.0138007578831,31.5609656489445
"230","2","13",-1.57127288083401,0.207329504440185,1.16424987627379,0.0280648143946437,6,3.79e-06,2.53e-13,834.8225738,0.349,-1.13618506187915,1.7786023852742,13.4831445388699,30.0053869061832
"231","3","13",-0.81779492222372,0.207329504440185,0.664534928932141,0.0280648143946437,3,0.003118209,2.09e-08,478.7484576,0.276,-0.636470114537497,1.0251244266639,6.77049648044544,18.6835166779756
"232","4","13",-0.498388624975441,0.207329504440185,0.309657056465821,0.0280648143946437,2,0.005918944,3.7e-06,314.4011056,0.343,-0.281592242071177,0.705718129415627,6.12959722437592,13.5071777383141
"233","5","13",-1.47010984875349,0.207329504440185,1.06018359825244,0.0280648143946437,NA,0,0,779.1993558,0.277,-1.03211878385779,1.67743935319368,Inf,Inf
"234","6","13",-0.0842392633495934,0.207329504440185,0.70262472391694,0.0280648143946437,2,0.002870743,0.002269487,127.2249496,0.297,-0.674559909522296,0.291568767789779,6.85318439769813,7.08820146421811
"235","7","13",-0.20978638087055,0.207329504440185,-0.199564643045108,0.0280648143946437,4,2.14e-06,1.33e-10,190.558422,0.351,0.227629457439752,0.417115885310735,14.0547047289305,23.7406719877068
"236","8","13",-0.202425884912012,0.207329504440185,-0.187669473696846,0.0280648143946437,3,2.14e-06,1.23e-09,187.425962,0.217,0.215734288091489,0.409755389352197,14.0547047289305,21.5162516675621
"237","9","13",-0.0494297680917916,0.207329504440185,-0.452249945493855,0.0280648143946437,8,3.54e-11,5e-19,137.9515668,0.394,0.480314759888499,0.256759272531977,25.0643092957888,43.1396788544528
"238","10","13",-0.187354795965576,0.207329504440185,-0.175171357435347,0.0280648143946437,4,2.14e-06,5.7e-10,184.0286663,0.336,0.203236171829991,0.394684300405761,14.0547047289305,22.2853847551
"239","11","13",0.573693835418848,0.207329504440185,-0.374444859925122,0.0280648143946437,1,5.38e-05,0.00085,160.455904,0.486,0.402509674319765,-0.366364330978663,10.8302370907965,8.07027420847991
"240","12","13",0.319866725673905,0.207329504440185,-0.540201395552134,0.0280648143946437,3,1.47e-05,1.56e-06,56.294349,0.301,0.568266209946778,-0.112537221233719,12.1276630641796,14.3708247367028
"241","13","13",0.207329504440185,0.207329504440185,0.0280648143946437,0.0280648143946437,NA,NA,NA,0,NA,0,0,NA,NA
"242","14","13",0.881628379757234,0.207329504440185,0.0357526114966158,0.0280648143946437,9,2.31e-11,7.26e-25,298.2057037,0.292,-0.00768779710197212,-0.674298875317049,25.4911884984008,56.5822474960144
"243","15","13",0.716629491589114,0.207329504440185,-0.648190168600681,0.0280648143946437,11,2.31e-11,7.3e-28,227.6892595,0.317,0.676254982995324,-0.509299987148929,25.4911884984008,63.4845082556789
"244","16","13",0.797612827252036,0.207329504440185,0.0633391809484843,0.0280648143946437,8,1.29e-05,5.23e-25,261.8294936,0.33,-0.0352743665538406,-0.590283322811851,12.2582832465966,56.9102160467743
"245","17","13",1.09724271523061,0.207329504440185,-1.277541640122,0.0280648143946437,NA,0,0,404.9559668,0.12,1.30560645451665,-0.889913210790427,Inf,Inf
"246","18","13",1.12375399839346,0.207329504440185,-0.142965254169432,0.0280648143946437,12,2.31e-11,4.26e-34,412.9328165,0.219,0.171030068564076,-0.916424493953277,25.4911884984008,77.8386240015163
"247","19","13",1.30573879311643,0.207329504440185,-1.76250545731139,0.0280648143946437,18,2.31e-11,4.85e-47,518.2572591,0.312,1.79057027170603,-1.09840928867624,25.4911884984008,107.642520665771
"248","1","14",-1.93269390089566,0.881628379757234,1.73209740467106,0.0357526114966158,6,6.06e-06,2.14e-17,1324.000857,0.209,-1.69634479317444,2.8143222806529,13.0138007578831,39.383140751865
"249","2","14",-1.57127288083401,0.881628379757234,1.16424987627379,0.0357526114966158,6,3.79e-06,8.71e-17,1139.784807,0.224,-1.12849726477718,2.45290126059124,13.4831445388699,37.9794747900344
"250","3","14",-0.81779492222372,0.881628379757234,0.664534928932141,0.0357526114966158,4,0.001072573,2.21e-13,782.7700364,0.197,-0.628782317435525,1.69942330198095,7.83769484421037,30.1406136933929
"251","4","14",-0.498388624975441,0.881628379757234,0.309657056465821,0.0357526114966158,4,0.001071431,1.27e-11,625.8604644,0.217,-0.273904444969205,1.38001700473268,7.83876014083109,26.089419122464
"252","5","14",-1.47010984875349,0.881628379757234,1.06018359825244,0.0357526114966158,NA,0,0,1087.296682,0.185,-1.02443098675582,2.35173822851073,Inf,Inf
"253","6","14",-0.0842392633495934,0.881628379757234,0.70262472391694,0.0357526114966158,3,0.001071431,3.08e-07,440.0541559,0.19,-0.666872112420324,0.965867643106827,7.83876014083109,15.9931660539728
"254","7","14",-0.20978638087055,0.881628379757234,-0.199564643045108,0.0357526114966158,6,2.14e-06,2.29e-14,504.7292903,0.25,0.235317254541724,1.09141476062778,14.0547047289305,32.4076394843505
"255","8","14",-0.202425884912012,0.881628379757234,-0.187669473696846,0.0357526114966158,5,2.14e-06,2.11e-13,500.753776,0.132,0.223422085193461,1.08405426466925,14.0547047289305,30.1869182614346
"256","9","14",-0.0494297680917916,0.881628379757234,-0.452249945493855,0.0357526114966158,10,3.54e-11,4.48e-22,439.1059343,0.335,0.488002556990471,0.931058147849026,25.0643092957888,50.1572489994421
"257","10","14",-0.187354795965576,0.881628379757234,-0.175171357435347,0.0357526114966158,6,2.14e-06,5.1e-13,496.3255048,0.249,0.210923968931963,1.06898317572281,14.0547047289305,29.3043656691923
"258","11","14",0.573693835418848,0.881628379757234,-0.374444859925122,0.0357526114966158,2,0.000542774,0.001338059,137.4190047,0.32,0.410197471421737,0.307934544338386,8.51881753092972,7.61653522258311
"259","12","14",0.319866725673905,0.881628379757234,-0.540201395552134,0.0357526114966158,3,1.47e-05,1.59e-05,260.8841627,0.2,0.57595400704875,0.561761654083329,12.1276630641796,12.0491914487381
"260","13","14",0.207329504440185,0.881628379757234,0.0280648143946437,0.0357526114966158,3,0.001071431,3.43e-06,298.2057037,0.223,0.00768779710197212,0.674298875317049,7.83876014083109,13.5829502967864
"261","14","14",0.881628379757234,0.881628379757234,0.0357526114966158,0.0357526114966158,NA,NA,NA,0,NA,0,0,NA,NA
"262","15","14",0.716629491589114,0.881628379757234,-0.648190168600681,0.0357526114966158,13,2.31e-11,7.1e-31,91.99366096,0.224,0.683942780097296,0.16499888816812,25.4911884984008,70.4200430987681
"263","16","14",0.797612827252036,0.881628379757234,0.0633391809484843,0.0357526114966158,2,0.000275823,0.000648422,35.46956056,0.859,-0.0275865694518684,0.0840155525051977,9.19575120231854,8.34096883900531
"264","17","14",1.09724271523061,0.881628379757234,-1.277541640122,0.0357526114966158,NA,0,0,128.6872241,0.132,1.31329425161862,-0.215614335473378,Inf,Inf
"265","18","14",1.12375399839346,0.881628379757234,-0.142965254169432,0.0357526114966158,14,2.31e-11,4.14e-37,110.3714496,0.302,0.178717865666048,-0.242125618636229,25.4911884984008,84.7749526529425
"266","19","14",1.30573879311643,0.881628379757234,-1.76250545731139,0.0357526114966158,20,2.31e-11,4.72e-50,256.6878946,0.179,1.798258068808,-0.424110413359194,25.4911884984008,114.577445850105
"267","1","15",-1.93269390089566,0.716629491589114,1.73209740467106,-0.648190168600681,6,6.06e-06,2.73e-16,1266.942484,0.556,-2.38028757327174,2.64932339248478,13.0138007578831,36.8370598787079
"268","2","15",-1.57127288083401,0.716629491589114,1.16424987627379,-0.648190168600681,6,3.79e-06,4.91e-16,1078.207522,0.593,-1.81244004487447,2.28790237242313,13.4831445388699,36.2500875460983
"269","3","15",-0.81779492222372,0.716629491589114,0.664534928932141,-0.648190168600681,4,0.003118209,3.5e-10,721.2808364,0.498,-1.31272509753282,1.53442441381283,6.77049648044544,22.7730879614451
"270","4","15",-0.498388624975441,0.716629491589114,0.309657056465821,-0.648190168600681,3,0.003985466,6.99e-08,558.8694801,0.741,-0.957847225066502,1.21501811656456,6.52510103505729,17.4762001877066
"271","5","15",-1.47010984875349,0.716629491589114,1.06018359825244,-0.648190168600681,NA,0,0,1023.374097,0.513,-1.70837376685312,2.18673934034261,Inf,Inf
"272","6","15",-0.0842392633495934,0.716629491589114,0.70262472391694,-0.648190168600681,3,0.002930192,6.34e-06,371.5071201,0.428,-1.35081489251762,0.800868754938708,6.83268732908985,12.9686317895151
"273","7","15",-0.20978638087055,0.716629491589114,-0.199564643045108,-0.648190168600681,5,2.14e-06,5.6e-12,424.8964348,0.744,-0.448625525555573,0.926415872459664,14.0547047289305,26.9082545181874
"274","8","15",-0.202425884912012,0.716629491589114,-0.187669473696846,-0.648190168600681,4,2.14e-06,1.69e-11,420.4021271,0.283,-0.460520694903835,0.919055376501126,14.0547047289305,25.8037074939995
"275","9","15",-0.0494297680917916,0.716629491589114,-0.452249945493855,-0.648190168600681,9,3.54e-11,2.22e-19,355.0841651,0.473,-0.195940223106825,0.766059259680906,25.0643092957888,43.9516095710027
"276","10","15",-0.187354795965576,0.716629491589114,-0.175171357435347,-0.648190168600681,5,2.14e-06,2.52e-10,415.4237769,0.528,-0.473018811165334,0.90398428755469,14.0547047289305,23.1015920284171
"277","11","15",0.573693835418848,0.716629491589114,-0.374444859925122,-0.648190168600681,1,0.001849392,0.025,96.05211351,0.279,-0.273745308675559,0.142935656170266,7.29289834255736,4.68887945411394
"278","12","15",0.319866725673905,0.716629491589114,-0.540201395552134,-0.648190168600681,3,1.71e-05,5.62e-05,181.4720849,0.608,-0.107988773048546,0.396762765915209,11.9764320944557,10.7865938010646
"279","13","15",0.207329504440185,0.716629491589114,0.0280648143946437,-0.648190168600681,2,0.003443868,3.21e-05,227.6892595,0.202,-0.676254982995324,0.509299987148929,6.6711600206773,11.3466545278283
"280","14","15",0.881628379757234,0.716629491589114,0.0357526114966158,-0.648190168600681,3,4.37e-07,6.5e-10,91.99366096,0.101,-0.683942780097296,-0.16499888816812,15.6433326418508,22.1540487530389
"281","15","15",0.716629491589114,0.716629491589114,-0.648190168600681,-0.648190168600681,NA,NA,NA,0,NA,0,0,NA,NA
"282","16","15",0.797612827252036,0.716629491589114,0.0633391809484843,-0.648190168600681,1,0.001183102,0.002209891,77.46447665,0.101,-0.711529349549165,-0.0809833356629223,7.73961547623191,7.11481208593578
"283","17","15",1.09724271523061,0.716629491589114,-1.277541640122,-0.648190168600681,NA,0,0,175.6489041,0.174,0.629351471521324,-0.380613223641498,Inf,Inf
"284","18","15",1.12375399839346,0.716629491589114,-0.142965254169432,-0.648190168600681,10,2.31e-11,1.85e-27,202.5658396,0.066,-0.505224914431249,-0.407124506804348,25.4911884984008,62.554611871749
"285","19","15",1.30573879311643,0.716629491589114,-1.76250545731139,-0.648190168600681,16,2.31e-11,2.1e-40,291.9284232,0.405,1.11431528871071,-0.589109301527314,25.4911884984008,92.3614663750324
"286","1","16",-1.93269390089566,0.797612827252036,1.73209740467106,0.0633391809484843,6,6.06e-06,3.82e-16,1282.963587,0.192,-1.66875822372257,2.7303067281477,13.0138007578831,36.5011110652862
"287","2","16",-1.57127288083401,0.797612827252036,1.16424987627379,0.0633391809484843,6,3.79e-06,2.15e-16,1099.497893,0.265,-1.10091069532531,2.36888570808605,13.4831445388699,37.0758936457652
"288","3","16",-0.81779492222372,0.797612827252036,0.664534928932141,0.0633391809484843,4,0.003118209,5.07e-12,742.6773444,0.216,-0.601195747983656,1.61540774947576,6.77049648044544,27.0076802983255
"289","4","16",-0.498388624975441,0.797612827252036,0.309657056465821,0.0633391809484843,3,0.004794334,6.66e-10,587.0828904,0.216,-0.246317875517337,1.29600145222748,6.34032047497546,22.1297314453882
"290","5","16",-1.47010984875349,0.797612827252036,1.06018359825244,0.0633391809484843,NA,0,0,1047.442449,0.235,-0.996844417303952,2.26772267600553,Inf,Inf
"291","6","16",-0.0842392633495934,0.797612827252036,0.70262472391694,0.0633391809484843,3,0.002930192,5.52e-06,402.2075563,0.22,-0.639285542968456,0.88185209060163,6.83268732908985,13.1071326976753
"292","7","16",-0.20978638087055,0.797612827252036,-0.199564643045108,0.0633391809484843,6,2.14e-06,6.8e-14,470.4046797,0.291,0.262903823993592,1.00739920812259,14.0547047289305,31.3192686897346
"293","8","16",-0.202425884912012,0.797612827252036,-0.187669473696846,0.0633391809484843,5,2.14e-06,3.23e-13,466.6719492,0.131,0.25100865464533,1.00003871216405,14.0547047289305,29.761124071688
"294","9","16",-0.0494297680917916,0.797612827252036,-0.452249945493855,0.0633391809484843,10,3.54e-11,2.69e-21,407.0122462,0.31,0.51558912644234,0.847042595343828,25.0643092957888,48.3647457592612
"295","10","16",-0.187354795965576,0.797612827252036,-0.175171357435347,0.0633391809484843,6,2.14e-06,3.06e-12,462.5054919,0.206,0.238510538383831,0.984967623217613,14.0547047289305,27.5126061999643
"296","11","16",0.573693835418848,0.797612827252036,-0.374444859925122,0.0633391809484843,2,0.000941149,0.000809512,98.32721699,0.349,0.437784040873606,0.223918991833189,7.96840908872454,8.11907896099105
"297","12","16",0.319866725673905,0.797612827252036,-0.540201395552134,0.0633391809484843,3,1.47e-05,2.44e-05,228.2073033,0.218,0.603540576500619,0.477746101578132,12.1276630641796,11.6209274256651
"298","13","16",0.207329504440185,0.797612827252036,0.0280648143946437,0.0633391809484843,3,0.00306227,6.52e-05,261.8294936,0.266,0.0352743665538406,0.590283322811851,6.78859880797241,10.6380510890317
"299","14","16",0.881628379757234,0.797612827252036,0.0357526114966158,0.0633391809484843,11,2.31e-11,1.08e-27,35.46956056,0.74,0.0275865694518684,-0.0840155525051977,25.4911884984008,63.0928364697031
"300","15","16",0.716629491589114,0.797612827252036,-0.648190168600681,0.0633391809484843,13,2.31e-11,1.09e-30,77.46447665,0.242,0.711529349549165,0.0809833356629223,25.4911884984008,69.9913750935803
"301","16","16",0.797612827252036,0.797612827252036,0.0633391809484843,0.0633391809484843,NA,NA,NA,0,NA,0,0,NA,NA
"302","17","16",1.09724271523061,0.797612827252036,-1.277541640122,0.0633391809484843,NA,0,0,166.4802179,0.129,1.34088082107049,-0.299629887978576,Inf,Inf
"303","18","16",1.12375399839346,0.797612827252036,-0.142965254169432,0.0633391809484843,14,2.31e-11,6.34e-37,146.9849169,0.279,0.206304435117916,-0.326141171141426,25.4911884984008,84.3487696723306
"304","19","16",1.30573879311643,0.797612827252036,-1.76250545731139,0.0633391809484843,20,2.31e-11,7.22e-50,294.1182695,0.238,1.82584463825987,-0.508125965864392,25.4911884984008,114.152399696798
"305","1","17",-1.93269390089566,1.09724271523061,1.73209740467106,-1.277541640122,6,6.06e-06,8.36e-17,1443.171619,0.132,-3.00963904479306,3.02993661612627,13.0138007578831,38.0204881538022
"306","2","17",-1.57127288083401,1.09724271523061,1.16424987627379,-1.277541640122,7,3.79e-06,2.55e-15,1255.236487,0.158,-2.4417915163958,2.66851559606462,13.4831445388699,34.6026830357403
"307","3","17",-0.81779492222372,1.09724271523061,0.664534928932141,-1.277541640122,4,0.003118209,3.64e-10,898.168775,0.141,-1.94207656905414,1.91503763745433,6.77049648044544,22.7338672482918
"308","4","17",-0.498388624975441,1.09724271523061,0.309657056465821,-1.277541640122,3,0.003995619,1.11e-08,736.1427677,0.172,-1.58719869658783,1.59563134020605,6.52255676808683,19.3163207286281
"309","5","17",-1.47010984875349,1.09724271523061,1.06018359825244,-1.277541640122,NA,0,0,1200.606566,0.13,-2.33772523837444,2.5673525639841,Inf,Inf
"310","6","17",-0.0842392633495934,1.09724271523061,0.70262472391694,-1.277541640122,3,0.002930192,2.2e-05,548.7804238,0.138,-1.98016636403894,1.18148197858021,6.83268732908985,11.724468104606
"311","7","17",-0.20978638087055,1.09724271523061,-0.199564643045108,-1.277541640122,4,2.14e-06,5.17e-11,599.1543375,0.154,-1.0779769970769,1.30702909610116,14.0547047289305,24.6855633344142
"312","8","17",-0.202425884912012,1.09724271523061,-0.187669473696846,-1.277541640122,4,2.14e-06,4.78e-10,594.3626922,0.104,-1.08987216642516,1.29966860014262,14.0547047289305,22.4614103834371
"313","9","17",-0.0494297680917916,1.09724271523061,-0.452249945493855,-1.277541640122,8,3.54e-11,1.01e-18,526.5752555,0.171,-0.825291694628149,1.1466724833224,25.0643092957888,42.4365813430397
"314","10","17",-0.187354795965576,1.09724271523061,-0.175171357435347,-1.277541640122,4,2.14e-06,1.15e-09,589.0063903,0.199,-1.10237028268666,1.28459751119619,14.0547047289305,21.5835038945713
"315","11","17",0.573693835418848,1.09724271523061,-0.374444859925122,-1.277541640122,2,0.002136145,0.000262103,258.7616768,0.097,-0.903096780196883,0.523548879811764,7.14875247629306,9.24677300168745
"316","12","17",0.319866725673905,1.09724271523061,-0.540201395552134,-1.277541640122,3,1.47e-05,0.000100515,357.804582,0.126,-0.73734024456987,0.777375989556708,12.1276630641796,10.205203587871
"317","13","17",0.207329504440185,1.09724271523061,0.0280648143946437,-1.277541640122,1,0.003995619,0.00078996,404.9559668,0.078,-1.30560645451665,0.889913210790427,6.52255676808683,8.14352824669649
"318","14","17",0.881628379757234,1.09724271523061,0.0357526114966158,-1.277541640122,3,0.000492042,8.33e-05,128.6872241,0.051,-1.31329425161862,0.215614335473378,8.61694647926176,10.3930620087915
"319","15","17",0.716629491589114,1.09724271523061,-0.648190168600681,-1.277541640122,12,2.31e-11,1.61e-27,175.6489041,0.188,-0.629351471521324,0.380613223641498,25.4911884984008,62.6935633318429
"320","16","17",0.797612827252036,1.09724271523061,0.0633391809484843,-1.277541640122,2,0.001286139,8.83e-06,166.4802179,0.049,-1.34088082107049,0.299629887978576,7.65611057191594,12.6373555433484
"321","17","17",1.09724271523061,1.09724271523061,-1.277541640122,-1.277541640122,NA,NA,NA,0,NA,0,0,NA,NA
"322","18","17",1.12375399839346,1.09724271523061,-0.142965254169432,-1.277541640122,2,0.000161584,0.000212933,109.9996319,0.031,-1.13457638595257,-0.0265112831628502,9.73048542668007,9.45453299572794
"323","19","17",1.30573879311643,1.09724271523061,-1.76250545731139,-1.277541640122,7,3.36e-07,6.53e-16,125.3913699,0.244,0.484963817189382,-0.208496077885816,15.9061546769832,35.9649545446164
"324","1","18",-1.93269390089566,1.12375399839346,1.73209740467106,-0.142965254169432,8,6.06e-06,4.42e-18,1429.666741,0.056,-1.87506265884049,3.05644789928912,13.0138007578831,40.9603919778032
"325","2","18",-1.57127288083401,1.12375399839346,1.16424987627379,-0.142965254169432,8,3.79e-06,1.9e-18,1248.268623,0.065,-1.30721513044322,2.69502687922747,13.4831445388699,41.8046777877204
"326","3","18",-0.81779492222372,1.12375399839346,0.664534928932141,-0.142965254169432,5,5.42e-05,2.2e-13,892.0100644,0.062,-0.807500183101573,1.94154892061718,10.8228296495187,30.1451488485583
"327","4","18",-0.498388624975441,1.12375399839346,0.309657056465821,-0.142965254169432,3,5.31e-05,4.39e-11,738.0224192,0.064,-0.452622310635253,1.6221426233689,10.8433336297164,24.8491067958474
"328","5","18",-1.47010984875349,1.12375399839346,1.06018359825244,-0.142965254169432,NA,0,0,1197.065152,0.065,-1.20314885242187,2.59386384714695,Inf,Inf
"329","6","18",-0.0842392633495934,1.12375399839346,0.70262472391694,-0.142965254169432,4,5.31e-05,5.21e-08,553.4942405,0.075,-0.845589978086372,1.20799326174306,10.8433336297164,17.7701008881871
"330","7","18",-0.20978638087055,1.12375399839346,-0.199564643045108,-0.142965254169432,6,2.14e-06,1.82e-18,620.4239451,0.069,0.0565993888756761,1.33354037926401,14.0547047289305,41.8476951728041
"331","8","18",-0.202425884912012,1.12375399839346,-0.187669473696846,-0.142965254169432,5,2.14e-06,1.68e-17,616.4943589,0.049,0.0447042195274135,1.32617988330547,14.0547047289305,39.6251527874836
"332","9","18",-0.0494297680917916,1.12375399839346,-0.452249945493855,-0.142965254169432,10,3.54e-11,3.82e-26,554.8757414,0.077,0.309284691324423,1.17318376648525,25.0643092957888,59.5269619952267
"333","10","18",-0.187354795965576,1.12375399839346,-0.175171357435347,-0.142965254169432,7,2.14e-06,4.35e-17,612.1045479,0.065,0.0322061032659148,1.31110879435904,14.0547047289305,38.6737707357982
"334","11","18",0.573693835418848,1.12375399839346,-0.374444859925122,-0.142965254169432,2,5.31e-05,6.4e-06,249.5786451,0.086,0.231479605755689,0.550060162974615,10.8433336297164,12.9592125675986
"335","12","18",0.319866725673905,1.12375399839346,-0.540201395552134,-0.142965254169432,5,1.47e-05,5.45e-10,376.7073479,0.06,0.397236141382702,0.803887272719558,12.1276630641796,22.3302353212653
"336","13","18",0.207329504440185,1.12375399839346,0.0280648143946437,-0.142965254169432,3,5.31e-05,1.56e-09,412.9328165,0.081,-0.171030068564076,0.916424493953277,10.8433336297164,21.278580015685
"337","14","18",0.881628379757234,1.12375399839346,0.0357526114966158,-0.142965254169432,11,2.31e-11,2.42e-32,110.3714496,0.233,-0.178717865666048,0.242125618636229,25.4911884984008,73.7989554356409
"338","15","18",0.716629491589114,1.12375399839346,-0.648190168600681,-0.142965254169432,13,2.31e-11,2.43e-35,202.5658396,0.069,0.505224914431249,0.407124506804348,25.4911884984008,80.7025869974391
"339","16","18",0.797612827252036,1.12375399839346,0.0633391809484843,-0.142965254169432,10,1.29e-05,1.85e-27,146.9849169,0.186,-0.206304435117916,0.326141171141426,12.2582832465966,62.554611871749
"340","17","18",1.09724271523061,1.12375399839346,-1.277541640122,-0.142965254169432,NA,0,0,109.9996319,0.05,1.13457638595257,0.0265112831628502,Inf,Inf
"341","18","18",1.12375399839346,1.12375399839346,-0.142965254169432,-0.142965254169432,NA,NA,NA,0,NA,0,0,NA,NA
"342","19","18",1.30573879311643,1.12375399839346,-1.76250545731139,-0.142965254169432,20,2.31e-11,1.61e-54,210.9969836,0.059,1.61954020314195,-0.181984794722966,25.4911884984008,124.863360842682
"343","1","19",-1.93269390089566,1.30573879311643,1.73209740467106,-1.76250545731139,8,6.06e-06,2.8e-20,1559.01567,0.177,-3.49460286198244,3.23843269401209,13.0138007578831,46.0220824426998
"344","2","19",-1.57127288083401,1.30573879311643,1.16424987627379,-1.76250545731139,8,3.79e-06,1.33e-19,1368.325557,0.275,-2.92675533358518,2.87701167395044,13.4831445388699,44.4639378246532
"345","3","19",-0.81779492222372,1.30573879311643,0.664534928932141,-1.76250545731139,5,0.000209885,1e-12,1012.336379,0.233,-2.42704038624353,2.12353371534015,9.4689507962925,28.6310211159285
"346","4","19",-0.498388624975441,1.30573879311643,0.309657056465821,-1.76250545731139,3,0.000209885,2e-10,847.3146937,0.221,-2.07216251377721,1.80412741809187,9.4689507962925,23.3327037493805
"347","5","19",-1.47010984875349,1.30573879311643,1.06018359825244,-1.76250545731139,NA,0,0,1312.067348,0.189,-2.82268905556382,2.77584864186992,Inf,Inf
"348","6","19",-0.0842392633495934,1.30573879311643,0.70262472391694,-1.76250545731139,4,0.000209885,1.19e-09,660.7490091,0.189,-2.46513018122833,1.38997805646602,9.4689507962925,21.549312529823
"349","7","19",-0.20978638087055,1.30573879311643,-0.199564643045108,-1.76250545731139,6,2.14e-06,6.98e-17,700.530129,0.308,-1.56294081426628,1.51552517398698,14.0547047289305,38.2008976641245
"350","8","19",-0.202425884912012,1.30573879311643,-0.187669473696846,-1.76250545731139,5,2.14e-06,6.46e-16,695.2439828,0.159,-1.57483598361454,1.50816467802844,14.0547047289305,35.9757321701102
"351","9","19",-0.0494297680917916,1.30573879311643,-0.452249945493855,-1.76250545731139,10,3.54e-11,2.58e-24,624.5548203,0.241,-1.31025551181753,1.35516856120822,25.0643092957888,55.3142528329236
"352","10","19",-0.187354795965576,1.30573879311643,-0.175171357435347,-1.76250545731139,6,2.14e-06,2.94e-15,689.1888737,0.236,-1.58733409987604,1.493093589082,14.0547047289305,34.4603668135601
"353","11","19",0.573693835418848,1.30573879311643,-0.374444859925122,-1.76250545731139,3,0.00016184,5.65e-08,382.4139716,0.152,-1.38806059738626,0.73204495769758,9.72890236510478,17.689025198794
"354","12","19",0.319866725673905,1.30573879311643,-0.540201395552134,-1.76250545731139,5,1.47e-05,8.85e-12,466.9450823,0.219,-1.22230406175925,0.985872067442524,12.1276630641796,26.4506036569087
"355","13","19",0.207329504440185,1.30573879311643,0.0280648143946437,-1.76250545731139,2,0.000209885,5.25e-07,518.2572591,0.101,-1.79057027170603,1.09840928867624,9.4689507962925,15.4598675743548
"356","14","19",0.881628379757234,1.30573879311643,0.0357526114966158,-1.76250545731139,10,4.37e-07,4.5e-24,256.6878946,0.06,-1.798258068808,0.424110413359194,15.6433326418508,54.7579648350808
"357","15","19",0.716629491589114,1.30573879311643,-0.648190168600681,-1.76250545731139,13,2.31e-11,1.92e-33,291.9284232,0.2,-1.11431528871071,0.589109301527314,25.4911884984008,76.3329828827638
"358","16","19",0.797612827252036,1.30573879311643,0.0633391809484843,-1.76250545731139,6,0.000110517,3.98e-11,294.1182695,0.06,-1.82584463825987,0.508125965864392,10.1103412026857,24.9471542036382
"359","17","19",1.09724271523061,1.30573879311643,-1.277541640122,-1.76250545731139,NA,0,0,125.3913699,0.109,-0.484963817189382,0.208496077885816,Inf,Inf
"360","18","19",1.12375399839346,1.30573879311643,-0.142965254169432,-1.76250545731139,4,0.000173823,1.44e-06,210.9969836,0.04,-1.61954020314195,0.181984794722966,9.65747301787021,14.4508674443764
"361","19","19",1.30573879311643,1.30573879311643,-1.76250545731139,-1.76250545731139,NA,NA,NA,0,NA,0,0,NA,NA
